{"initial_reset_timestamp": 1588320205.9418766, "timestamps": [1588320206.087135, 1588320206.4069407, 1588320206.5770211, 1588320206.5921953, 1588320206.5972102, 1588320206.6069174, 1588320206.617059, 1588320206.6220784, 1588320206.9621818, 1588320207.1917999, 1588320207.2018251, 1588320207.2068431, 1588320207.2172692, 1588320207.227295, 1588320207.227295, 1588320207.236871, 1588320207.2522821, 1588320207.2567961, 1588320207.266838, 1588320207.2772992, 1588320207.2969718, 1588320207.2969718, 1588320207.3068378, 1588320207.3169854, 1588320207.3268204, 1588320207.3370144, 1588320210.3670902, 1588320210.4719512, 1588320210.6270514, 1588320210.6371017, 1588320210.6471488, 1588320210.657169, 1588320210.6668673, 1588320210.676945, 1588320210.681951, 1588320210.686968, 1588320210.7020407, 1588320210.712091, 1588320210.7221413, 1588320210.7271924, 1588320210.7271924, 1588320210.7471511, 1588320210.7572792, 1588320210.7622845, 1588320210.766832, 1588320210.7819548, 1588320210.787003, 1588320210.7969415, 1588320210.8071656, 1588320210.817107, 1588320210.8221126, 1588320210.8321688, 1588320210.837183, 1588320210.8470757, 1588320210.8569005, 1588320210.8569005, 1588320210.8770866, 1588320210.8820927, 1588320210.8871527, 1588320210.8970757, 1588320210.907079, 1588320210.9172025, 1588320210.9172025, 1588320210.932099, 1588320211.0571036, 1588320211.2272723, 1588320211.236917, 1588320211.2471561, 1588320211.2571294, 1588320211.2672238, 1588320211.2822835, 1588320211.2918627, 1588320211.307241, 1588320211.307241, 1588320211.3268719, 1588320211.342255, 1588320211.3570986, 1588320211.3672588, 1588320211.3770478, 1588320211.3820527, 1588320211.3871431, 1588320211.4023123, 1588320211.4069407, 1588320211.4271443, 1588320211.4522934, 1588320211.456826, 1588320211.4671862, 1588320211.482045, 1588320211.4921556, 1588320211.4971988, 1588320211.5072508, 1588320211.5122561, 1588320211.526866, 1588320211.5369632, 1588320211.5467966, 1588320211.5568142, 1588320211.5618193, 1588320211.5769253, 1588320211.587426, 1588320211.5969718, 1588320211.601977], "episode_lengths": [37, 22, 44, 44, 29, 40, 51, 22, 72, 29, 44, 37, 22, 29, 22, 44, 37, 37, 37, 37, 51, 29, 22, 37, 37, 29, 44, 22, 37, 29, 37, 37, 37, 44, 29, 37, 37, 44, 37, 22, 29, 58, 29, 22, 37, 37, 51, 40, 31, 22, 29, 37, 44, 29, 22, 29, 44, 29, 37, 29, 29, 29, 25, 29, 29, 22, 22, 29, 44, 37, 58, 29, 65, 22, 65, 51, 51, 29, 37, 24, 37, 37, 44, 44, 87, 26, 37, 29, 37, 29, 37, 29, 51, 44, 51, 22, 29, 51, 37, 32, 29], "episode_rewards": [0.0, 0.0, -4.0, 1.0, 0.0, 1.0, 0.0, 0.0, -4.0, 0.0, 0.0, 0.0, -4.0, 1.0, 0.0, 0.0, 0.0, -4.0, 1.0, 0.0, -4.0, -4.0, 0.0, 0.0, -4.0, -4.0, 1.0, 0.0, 1.0, 0.0, -4.0, 2.0, -3.0, -4.0, 0.0, -4.0, 1.0, 0.0, 0.0, 1.0, 0.0, -4.0, 0.0, 0.0, 0.0, 0.0, -4.0, -8.0, -4.0, 0.0, 1.0, 0.0, 1.0, 0.0, 0.0, 0.0, 0.0, -4.0, 1.0, 0.0, 0.0, 0.0, 0.0, 0.0, -4.0, 0.0, 0.0, 1.0, -4.0, -3.0, 1.0, 0.0, 1.0, 0.0, -4.0, 1.0, 0.0, 1.0, 0.0, 0.0, 0.0, 0.0, 0.0, 0.0, 1.0, 0.0, 0.0, -4.0, 1.0, 0.0, -4.0, 1.0, -4.0, -4.0, 0.0, 0.0, -4.0, 1.0, 0.0, 1.0, 0.0], "episode_types": ["t", "t", "t", "t", "t", "t", "t", "t", "t", "t", "t", "t", "t", "t", "t", "t", "t", "t", "t", "t", "t", "t", "t", "t", "t", "t", "t", "t", "t", "t", "t", "t", "t", "t", "t", "t", "t", "t", "t", "t", "t", "t", "t", "t", "t", "t", "t", "t", "t", "t", "t", "t", "t", "t", "t", "t", "t", "t", "t", "t", "t", "t", "t", "t", "t", "t", "t", "t", "t", "t", "t", "t", "t", "t", "t", "t", "t", "t", "t", "t", "t", "t", "t", "t", "t", "t", "t", "t", "t", "t", "t", "t", "t", "t", "t", "t", "t", "t", "t", "t", "t", "t"]}