{"initial_reset_timestamp": 1588319115.5076108, "timestamps": [1588319115.7873914, 1588319116.0278192], "episode_lengths": [72, 37], "episode_rewards": [1.0, -8.0], "episode_types": ["t", "t", "t"]}