{"initial_reset_timestamp": 1588315726.920579, "timestamps": [1588315727.2177575, 1588315727.5438852, 1588315727.7373672, 1588315727.745346, 1588315727.7543213, 1588315727.7662895, 1588315727.775267, 1588315727.7802534, 1588315727.905921, 1588315728.1562665, 1588315728.1622505, 1588315728.1682353, 1588315728.1752167, 1588315728.1831949, 1588315728.1921713, 1588315728.198155, 1588315728.2041385, 1588315728.2101233, 1588315728.2161064, 1588315728.2200963, 1588315728.2250826, 1588315728.232064, 1588315728.2370503, 1588315728.2450304, 1588315728.2520235, 1588315728.2590241], "episode_lengths": [29, 29, 72, 37, 44, 58, 38, 22, 33, 29, 29, 29, 29, 44, 43, 29, 29, 29, 29, 22, 22, 37, 22, 37, 29, 36], "episode_rewards": [0.0, 0.0, 0.0, 1.0, 0.0, 0.0, -4.0, 0.0, 0.0, 0.0, 0.0, 0.0, 0.0, -4.0, 0.0, 0.0, 0.0, 0.0, 1.0, 0.0, 0.0, -4.0, 0.0, 0.0, 0.0, 0.0], "episode_types": ["t", "t", "t", "t", "t", "t", "t", "t", "t", "t", "t", "t", "t", "t", "t", "t", "t", "t", "t", "t", "t", "t", "t", "t", "t", "t", "t"]}