{"initial_reset_timestamp": 1588316484.998049, "timestamps": [1588316485.2779481, 1588316485.5883384, 1588316485.778356], "episode_lengths": [33, 29, 44], "episode_rewards": [0.0, -3.0, 0.0], "episode_types": ["t", "t", "t", "t"]}