{"initial_reset_timestamp": 1588316362.293285, "timestamps": [1588316362.6095467, 1588316363.0432594, 1588316363.2031446, 1588316363.2102108, 1588316363.2281106, 1588316363.233116, 1588316363.2531552, 1588316363.2734077, 1588316363.418118, 1588316363.7838912, 1588316363.7919226, 1588316363.7984397, 1588316363.8019655, 1588316363.812987, 1588316363.8180203, 1588316363.8230257, 1588316363.8380852, 1588316363.8481617, 1588316363.8531668, 1588316363.858191, 1588316363.8682141, 1588316363.873219, 1588316363.8882668, 1588316363.8882668, 1588316363.908206, 1588316363.913211, 1588316363.9182904, 1588316364.0383422, 1588316364.2681274, 1588316364.2831552, 1588316364.288175, 1588316364.288175, 1588316364.3022454, 1588316364.308262, 1588316364.313269, 1588316364.3183048, 1588316364.328351, 1588316364.3333585, 1588316364.3481455, 1588316364.3581836, 1588316364.3631887], "episode_lengths": [37, 22, 37, 29, 72, 22, 87, 87, 37, 37, 51, 22, 22, 37, 22, 29, 72, 22, 37, 22, 29, 37, 44, 32, 51, 37, 29, 44, 22, 44, 29, 37, 29, 30, 29, 22, 29, 29, 58, 44, 29], "episode_rewards": [0.0, 1.0, 0.0, 0.0, 2.0, 0.0, 0.0, 1.0, 0.0, -4.0, 0.0, -4.0, -4.0, 1.0, -4.0, 0.0, 0.0, 1.0, 0.0, 0.0, 0.0, 0.0, 0.0, -4.0, 0.0, 1.0, 1.0, -4.0, 0.0, 1.0, 0.0, 0.0, 0.0, 1.0, 1.0, 0.0, 0.0, -4.0, 0.0, 0.0, -4.0], "episode_types": ["t", "t", "t", "t", "t", "t", "t", "t", "t", "t", "t", "t", "t", "t", "t", "t", "t", "t", "t", "t", "t", "t", "t", "t", "t", "t", "t", "t", "t", "t", "t", "t", "t", "t", "t", "t", "t", "t", "t", "t", "t", "t"]}