{"initial_reset_timestamp": 1588316447.0983565, "timestamps": [1588316447.3029497, 1588316447.758399, 1588316447.9983802, 1588316448.0033858, 1588316448.0083992, 1588316448.0083992, 1588316448.0281827, 1588316448.0331872, 1588316448.1334178, 1588316448.2799833, 1588316448.2880023, 1588316448.2930067, 1588316448.29802, 1588316448.3081868, 1588316448.3180392, 1588316448.323045, 1588316448.3280716, 1588316448.3280716, 1588316448.3432868, 1588316448.3484256, 1588316448.3580554, 1588316448.3580554, 1588316448.3731196, 1588316448.3801563, 1588316448.3883293, 1588316448.3984482, 1588316448.3984482, 1588316448.5381732, 1588316448.7882729, 1588316448.7932775, 1588316448.7983043, 1588316448.8082042, 1588316448.8132088, 1588316448.8182847, 1588316448.8280733, 1588316448.8382697, 1588316448.8382697, 1588316448.8532655, 1588316448.8633611, 1588316448.8683758, 1588316448.88043, 1588316448.8981535, 1588316448.9082227, 1588316448.918132, 1588316448.9279764], "episode_lengths": [22, 72, 37, 22, 29, 29, 72, 29, 22, 37, 37, 29, 29, 44, 29, 29, 29, 22, 44, 29, 44, 37, 37, 36, 37, 37, 29, 37, 87, 29, 44, 22, 37, 37, 37, 37, 37, 45, 37, 37, 37, 116, 44, 29, 37], "episode_rewards": [0.0, 0.0, 0.0, 0.0, 0.0, 0.0, -2.0, -4.0, 0.0, 1.0, 0.0, -4.0, 0.0, 0.0, 1.0, -4.0, 0.0, 0.0, 0.0, 0.0, 0.0, 0.0, 1.0, 0.0, 1.0, 1.0, 0.0, -4.0, 1.0, 1.0, 0.0, 0.0, 0.0, 0.0, 1.0, 1.0, -4.0, 0.0, 0.0, 1.0, -3.0, -4.0, 0.0, 0.0, 0.0], "episode_types": ["t", "t", "t", "t", "t", "t", "t", "t", "t", "t", "t", "t", "t", "t", "t", "t", "t", "t", "t", "t", "t", "t", "t", "t", "t", "t", "t", "t", "t", "t", "t", "t", "t", "t", "t", "t", "t", "t", "t", "t", "t", "t", "t", "t", "t", "t"]}