{"initial_reset_timestamp": 1588318624.9384122, "timestamps": [1588318625.067428, 1588318625.6186528, 1588318625.8722322, 1588318625.8772483, 1588318625.8874528, 1588318625.8975103, 1588318625.9074135, 1588318625.9074135, 1588318626.04252, 1588318626.260527, 1588318626.2695036, 1588318626.2824411, 1588318626.297576, 1588318626.3076255, 1588318626.322682, 1588318626.3277316, 1588318626.3277316, 1588318626.3474445, 1588318626.357713, 1588318626.3776994, 1588318626.3827045, 1588318626.3887315, 1588318626.3973024, 1588318629.2675881, 1588318629.2777674, 1588318629.2973425, 1588318629.3175108, 1588318629.4676032, 1588318629.6874502, 1588318629.7072744, 1588318629.7173126, 1588318629.7223191, 1588318629.7323406, 1588318629.7474036, 1588318629.757472, 1588318629.7724385, 1588318629.7775218, 1588318629.8174322, 1588318629.832569, 1588318629.8501842, 1588318629.8577316, 1588318629.8677588, 1588318629.8777974, 1588318629.8877525, 1588318629.9122887, 1588318629.9173915, 1588318629.967648, 1588318629.9875135, 1588318629.9973474, 1588318630.0173516, 1588318630.0273373, 1588318630.0379927, 1588318630.0473175, 1588318630.0573523, 1588318630.0674095, 1588318630.0823774, 1588318630.0974555, 1588318630.1075726, 1588318630.1075726, 1588318630.1276877, 1588318630.1327262, 1588318630.1474543, 1588318630.1574874, 1588318630.1774642, 1588318630.2973092, 1588318630.4924212, 1588318630.5074706, 1588318630.5176759, 1588318630.5272977, 1588318630.542642, 1588318630.547661, 1588318630.572624, 1588318630.5975995, 1588318630.6026049, 1588318630.6076455, 1588318630.6172898, 1588318630.6324832, 1588318630.6473188, 1588318630.6574154, 1588318630.6674714, 1588318630.6776, 1588318630.69763, 1588318630.7026355, 1588318630.7127268, 1588318630.7273233, 1588318630.7323587, 1588318630.7425137, 1588318630.75777, 1588318630.75777, 1588318630.7674925, 1588318630.7872918, 1588318630.8326082, 1588318630.8376913, 1588318630.8477974, 1588318630.8626695, 1588318630.8677242, 1588318630.8926146, 1588318630.8976324, 1588318630.9075694, 1588318630.9225414, 1588318630.9326582, 1588318630.9476671, 1588318630.95733, 1588318630.9674046, 1588318630.977667, 1588318630.9874175, 1588318631.0025232, 1588318631.0075703, 1588318631.0175424, 1588318631.0275393, 1588318631.037632, 1588318631.0577629, 1588318631.0577629, 1588318631.0775414, 1588318631.0825782, 1588318631.092737, 1588318631.10773, 1588318631.1178572, 1588318631.1178572, 1588318631.137807, 1588318631.1525471, 1588318631.1576478, 1588318631.1676931, 1588318631.1776128, 1588318631.1877034, 1588318631.2923522, 1588318631.438004, 1588318631.4472735, 1588318631.4849741, 1588318631.518883, 1588318631.5268614, 1588318631.547447, 1588318631.5574684, 1588318631.5726538, 1588318631.5776706, 1588318631.5924714, 1588318631.5974882, 1588318631.607512, 1588318631.6172712, 1588318631.6172712, 1588318631.6381152, 1588318631.6526182, 1588318631.6577373, 1588318631.6774216, 1588318631.697376, 1588318631.7177007, 1588318631.727756, 1588318631.747465, 1588318631.757796, 1588318631.7677157, 1588318631.7777443], "episode_lengths": [44, 58, 29, 22, 29, 29, 37, 29, 29, 22, 37, 37, 80, 44, 28, 22, 22, 51, 29, 58, 22, 22, 37, 42, 29, 44, 72, 37, 29, 72, 22, 22, 29, 65, 37, 22, 37, 108, 44, 44, 29, 22, 22, 44, 58, 22, 123, 51, 22, 37, 29, 29, 29, 29, 37, 37, 29, 37, 22, 29, 22, 44, 29, 44, 29, 22, 29, 37, 29, 44, 37, 65, 87, 22, 22, 37, 37, 44, 51, 22, 37, 33, 37, 29, 37, 22, 39, 29, 22, 37, 29, 144, 29, 44, 29, 27, 51, 44, 29, 22, 29, 37, 29, 44, 29, 29, 37, 29, 29, 51, 22, 51, 29, 29, 30, 29, 37, 37, 29, 38, 44, 37, 22, 29, 29, 22, 29, 22, 44, 46, 29, 29, 29, 44, 22, 44, 29, 22, 29, 29, 44, 37, 29, 51, 87, 36, 39, 44, 22, 37, 22], "episode_rewards": [1.0, -4.0, 1.0, 0.0, 0.0, 0.0, 0.0, 0.0, 2.0, 0.0, 1.0, 0.0, 0.0, 0.0, 1.0, 0.0, 0.0, 0.0, 0.0, -3.0, 0.0, 0.0, -4.0, 0.0, -8.0, 0.0, -4.0, 0.0, 1.0, 1.0, 0.0, 0.0, 0.0, 1.0, -4.0, 1.0, 1.0, 2.0, 0.0, 0.0, 0.0, 1.0, 0.0, 1.0, 0.0, 1.0, 0.0, 0.0, 0.0, 1.0, 0.0, 0.0, -4.0, 0.0, 0.0, 0.0, 0.0, -4.0, 1.0, 0.0, 0.0, -4.0, 0.0, 0.0, 0.0, 0.0, 0.0, 0.0, 1.0, 1.0, 1.0, -4.0, -3.0, 1.0, 0.0, 1.0, 0.0, 0.0, -4.0, 0.0, 0.0, 0.0, -8.0, 0.0, 1.0, 0.0, 1.0, 0.0, -4.0, 0.0, 0.0, 2.0, 0.0, -12.0, 0.0, -4.0, -3.0, 0.0, 1.0, -4.0, 0.0, -4.0, 0.0, 0.0, 0.0, 0.0, 0.0, 0.0, 1.0, 0.0, 0.0, 0.0, 0.0, 0.0, 2.0, 0.0, 0.0, -4.0, 0.0, -3.0, 0.0, 0.0, 0.0, 0.0, 0.0, 0.0, 0.0, 0.0, 0.0, 1.0, 1.0, 0.0, 0.0, -8.0, 0.0, 1.0, 0.0, -4.0, 1.0, -3.0, -3.0, 0.0, -4.0, 0.0, 1.0, -4.0, 1.0, 1.0, 0.0, 0.0, 0.0], "episode_types": ["t", "t", "t", "t", "t", "t", "t", "t", "t", "t", "t", "t", "t", "t", "t", "t", "t", "t", "t", "t", "t", "t", "t", "t", "t", "t", "t", "t", "t", "t", "t", "t", "t", "t", "t", "t", "t", "t", "t", "t", "t", "t", "t", "t", "t", "t", "t", "t", "t", "t", "t", "t", "t", "t", "t", "t", "t", "t", "t", "t", "t", "t", "t", "t", "t", "t", "t", "t", "t", "t", "t", "t", "t", "t", "t", "t", "t", "t", "t", "t", "t", "t", "t", "t", "t", "t", "t", "t", "t", "t", "t", "t", "t", "t", "t", "t", "t", "t", "t", "t", "t", "t", "t", "t", "t", "t", "t", "t", "t", "t", "t", "t", "t", "t", "t", "t", "t", "t", "t", "t", "t", "t", "t", "t", "t", "t", "t", "t", "t", "t", "t", "t", "t", "t", "t", "t", "t", "t", "t", "t", "t", "t", "t", "t", "t", "t", "t", "t", "t", "t", "t", "t"]}